CREATE DATABASE LAB2_ASSIGNMENT
USE LAB2_ASSIGNMENT
/* REGIONS TABLE */
CREATE TABLE REGIONS(
REGION_ID INT NOT NULL PRIMARY KEY,
REGION_NAME VARCHAR (20));
INSERT INTO REGIONS(REGION_ID,REGION_NAME)
VALUES (1,'ASIA')
INSERT INTO REGIONS(REGION_ID,REGION_NAME)
VALUES (2,'EUROP')
SELECT * FROM REGIONS

/* COUNTRIES TABLE */
CREATE TABLE COUNTRIES(
COUNTRY_ID CHAR(2) NOT NULL PRIMARY KEY,
COUNTRY_NAME VARCHAR (40),
REGION_ID INT ,
FOREIGN KEY(REGION_ID)REFERENCES REGIONS(REGION_ID));
INSERT INTO COUNTRIES(COUNTRY_ID,COUNTRY_NAME,REGION_ID)
VALUES ('PA','PAKISTAN',1)
INSERT INTO COUNTRIES(COUNTRY_ID,COUNTRY_NAME,REGION_ID)
VALUES ('UK','UNITED KINGDOM',2)
SELECT * FROM COUNTRIES

/* LOCATIONS TABLE */
CREATE TABLE LOCATIONS(
LOCATION_ID DEC(4) NOT NULL PRIMARY KEY,
STREET_ADDRESS VARCHAR(40),
POSTAL_CODE VARCHAR (12),
CITY VARCHAR (30) NOT NULL,
STATE_PROVINCE VARCHAR (25),
COUNTRY_ID CHAR (2),
FOREIGN KEY(COUNTRY_ID) REFERENCES COUNTRIES (COUNTRY_ID));
INSERT INTO LOCATIONS(LOCATION_ID,STREET_ADDRESS,POSTAL_CODE,CITY,STATE_PROVINCE,COUNTRY_ID)
VALUES (1400,'GUNJ HUSSAIN ABAD',51600,'NAROWAL','PUNJAB','PA')
INSERT INTO LOCATIONS(LOCATION_ID,STREET_ADDRESS,POSTAL_CODE,CITY,STATE_PROVINCE,COUNTRY_ID)
VALUES (1500,'MANIK ROAD CANADA',58800,'SOUTH LAKE','TEXAS','UK')
SELECT * FROM LOCATIONS

/* DEPARTMENTS TABLE */
CREATE TABLE DEPARTMENTS(
DEPARTMENT_ID DEC(4) NOT NULL PRIMARY KEY,
DEPARTMENT_NAME VARCHAR (30) NOT NULL,
MANAGER_ID DEC(6) UNIQUE,
LOCATION_ID DEC(4),
FOREIGN KEY(LOCATION_ID)REFERENCES LOCATIONS (LOCATION_ID));
INSERT INTO DEPARTMENTS(DEPARTMENT_ID,DEPARTMENT_NAME,MANAGER_ID,LOCATION_ID)
VALUES (10,'COMPUTER SCIENCE',500,1400)
INSERT INTO DEPARTMENTS(DEPARTMENT_ID,DEPARTMENT_NAME,MANAGER_ID,LOCATION_ID)
VALUES (20,'COMPUTER ENGINEERING',600,1500)
INSERT INTO DEPARTMENTS(DEPARTMENT_ID,DEPARTMENT_NAME,MANAGER_ID,LOCATION_ID)
VALUES (30,'SOFTWARE ENGINEERING',700,1400)
SELECT * FROM DEPARTMENTS

/* JOBS TABLE */
CREATE TABLE JOBS(
JOB_ID VARCHAR(10) NOT NULL PRIMARY KEY,
JOB_TITTLE VARCHAR (35) NOT NULL,
MIN_SALARY DEC(6),
MAX_SALARY DEC(6));
INSERT INTO JOBS(JOB_ID,JOB_TITTLE,MIN_SALARY,MAX_SALARY)
VALUES ('AD_PRES','PRESIDENT',20000,100000)
INSERT INTO JOBS(JOB_ID,JOB_TITTLE,MIN_SALARY,MAX_SALARY)
VALUES ('AD_VP','VICE PRESIDENT',15000,90000)
SELECT * FROM JOBS 

/* EMPLOYEES TABLE */
CREATE TABLE EMPLOYEES(
EMPLOYEE_ID DEC(6) NOT NULL PRIMARY KEY,
FIRST_NAME VARCHAR (20) ,
LAST_NAME VARCHAR (25) NOT NULL,
EMAIL VARCHAR (25) NOT NULL,
PHONE_NUMBER VARCHAR (20),
HIRE_DATE DATE NOT NULL,
JOB_ID VARCHAR (10)NOT NULL,
SALARY DEC(8,2),
COMMISION_PCT DEC (2,2),
MANAGER_ID DEC(6),
DEPARTMENT_ID DEC (4),
FOREIGN KEY(DEPARTMENT_ID)REFERENCES DEPARTMENTS(DEPARTMENT_ID),
FOREIGN KEY(JOB_ID)REFERENCES JOBS(JOB_ID),
FOREIGN KEY(MANAGER_ID)REFERENCES DEPARTMENTS(MANAGER_ID));
INSERT INTO EMPLOYEES(EMPLOYEE_ID,FIRST_NAME,LAST_NAME,EMAIL,PHONE_NUMBER,HIRE_DATE,JOB_ID,SALARY,MANAGER_ID,DEPARTMENT_ID)
VALUES (100,'REHMAN','ALI','merehmanali@gmail.com','0349-5502045','23-JUN-2020','AD_PRES',50000,500,10)
INSERT INTO EMPLOYEES(EMPLOYEE_ID,FIRST_NAME,LAST_NAME,EMAIL,PHONE_NUMBER,HIRE_DATE,JOB_ID,SALARY,COMMISION_PCT,MANAGER_ID,DEPARTMENT_ID)
VALUES (101,'ZARGHAM','ASIM','zarghammughal@gmail.com','0340-5502045','23-FEB-2020','AD_VP',40000,0.3,600,20)
SELECT * FROM EMPLOYEES

/* JOB_HISTORY TABLE */
CREATE TABLE JOB_HISTORY(
EMPLOYEE_ID DEC(6) NOT NULL,
START_DAT DATE NOT NULL,
END_DATE DATE NOT NULL,
JOB_ID VARCHAR (10) NOT NULL,
DEPARTMENT_ID DEC(4)
FOREIGN KEY(EMPLOYEE_ID)REFERENCES EMPLOYEES(EMPLOYEE_ID),
FOREIGN KEY(JOB_ID)REFERENCES JOBS(JOB_ID),
FOREIGN KEY(DEPARTMENT_ID)REFERENCES DEPARTMENTS(DEPARTMENT_ID));
INSERT INTO JOB_HISTORY(EMPLOYEE_ID,START_DAT,END_DATE,JOB_ID,DEPARTMENT_ID)
VALUES (100,'05-FEB-2020','05-FEB-2021','AD_PRES',20)
INSERT INTO JOB_HISTORY(EMPLOYEE_ID,START_DAT,END_DATE,JOB_ID,DEPARTMENT_ID)
VALUES (101,'05-FEB-2020','05-FEB-2021','AD_VP',30)
SELECT * FROM JOB_HISTORY

/* JOB_GRADES TABLE */
CREATE TABLE JOB_GRADES(
GRADE_LEVEL VARCHAR (3),
LOWEST_SALARY DEC,
HIGHEST_SALARY DEC);
INSERT INTO JOB_GRADES(GRADE_LEVEL,LOWEST_SALARY,HIGHEST_SALARY)
VALUES('A',1000,2999)
INSERT INTO JOB_GRADES(GRADE_LEVEL,LOWEST_SALARY,HIGHEST_SALARY)
VALUES('B',2000,4999)
SELECT * FROM JOB_GRADES
